﻿<?xml version="1.0" encoding="utf-8" ?>
<Defs>

  <FactionDef Abstract="True" Name="OviumFactionBase">
    <colorSpectrum>
      <li>(0, 0.737, 0.847)</li>
    </colorSpectrum>
  </FactionDef>
  
  <FactionDef Parent="OviumFactionBase">
    <defName>OviumPlayerColony</defName>
    <label>Ovium Colony</label>
    <description>Your own community.</description>
    <isPlayer>true</isPlayer>
    <basicMemberKind>Ovium</basicMemberKind>
    <pawnsPlural>colonists</pawnsPlural>
    <factionNameMaker>NamerFactionOutlander</factionNameMaker>
    <techLevel>Ultra</techLevel>
    <backstoryCategory>Civil</backstoryCategory>
    <homeIconPath>World/OviumBaseIcon</homeIconPath>
    <expandingIconTexture>World/OviumBaseIcon</expandingIconTexture>
    <startingResearchTags>
      <li>ClassicStart</li>
    </startingResearchTags>
    <hairTags>
      <li>Urban</li>
    </hairTags>
    <apparelStuffFilter>
      <thingDefs>
        <li>Synthread</li>
      </thingDefs>
    </apparelStuffFilter>

  </FactionDef>
  
    <FactionDef Parent="OviumFactionBase">
    <defName>OviumPlayerColonyTribal</defName>
    <label>Ovium Tribal</label>
    <description>Ovium Tribal Start.</description>
    <isPlayer>true</isPlayer>
    <basicMemberKind>Ovium</basicMemberKind>
    <pawnsPlural>colonists</pawnsPlural>
    <factionNameMaker>NamerFactionOutlander</factionNameMaker>
    <techLevel>Ultra</techLevel>
    <backstoryCategory>Tribal</backstoryCategory>
    <homeIconPath>World/OviumBaseIcon</homeIconPath>
    <expandingIconTexture>World/OviumBaseIcon</expandingIconTexture>
    <startingResearchTags>
      <li>TribalStart</li>
    </startingResearchTags>
    <hairTags>
      <li>Tribal</li>
    </hairTags>
    <apparelStuffFilter>
      <thingDefs>
        <li>Synthread</li>
      </thingDefs>
    </apparelStuffFilter>
    <colorSpectrum>
      <li>(0, 0.437, 0.847)</li>
    </colorSpectrum>
  </FactionDef>

</Defs>