<?xml version="1.0" encoding="UTF-8"?>
<RecipeDefs>

	<RecipeDef Abstract="True" Name="SurgeryOviumFlesh">
		<effectWorking>Surgery</effectWorking>
		<soundWorking>Recipe_Surgery</soundWorking>
		<workSpeedStat>MedicalOperationSpeed</workSpeedStat>
		<workSkill>Medicine</workSkill>
		<workSkillLearnFactor>16</workSkillLearnFactor>
		<recipeUsers>
			<li>Alien_Ovium</li>
		</recipeUsers>
	</RecipeDef>

	

	<RecipeDef ParentName="SurgeryOviumFlesh">
		<defName>Ovium_InstallPowerClaw</defName>
		<label>install scyther tail</label>
		<description>Installs power claw.</description>
		<workerClass>Recipe_InstallArtificialBodyPart</workerClass>
		<jobString>Installing power claw.</jobString>
		<workAmount>2000</workAmount>
		<ingredients>
			<li>
				<filter>
          <categories>
						<li>Medicine</li>
					</categories>
				</filter>
				<count>1</count>
			</li>
			<li>
				<filter>
					<thingDefs>
						<li>PowerClaw</li>
					</thingDefs>
				</filter>
				<count>1</count>
			</li>
		</ingredients>
		<fixedIngredientFilter>
      <categories>
        <li>Medicine</li>
      </categories>
      <thingDefs>
				<li>PowerClaw</li>
			</thingDefs>
		</fixedIngredientFilter>
		<appliedOnFixedBodyParts>
			<li>FrontLeftHoof</li>
			<li>FrontRightHoof</li>
		</appliedOnFixedBodyParts>
		<addsHediff>PowerClaw</addsHediff>
	</RecipeDef>

	
	<RecipeDef ParentName="SurgeryOviumFlesh">
		<defName>Ovium_InstallScytherBlade</defName>
		<label>install scyther tail</label>
		<description>Installs scyther blade.</description>
		<workerClass>Recipe_InstallArtificialBodyPart</workerClass>
		<jobString>Installing scyther blade.</jobString>
		<workAmount>2000</workAmount>
		<ingredients>
			<li>
				<filter>
          <categories>
						<li>Medicine</li>
					</categories>
				</filter>
				<count>1</count>
			</li>
			<li>
				<filter>
					<thingDefs>
						<li>ScytherBlade</li>
					</thingDefs>
				</filter>
				<count>1</count>
			</li>
		</ingredients>
		<fixedIngredientFilter>
      <categories>
        <li>Medicine</li>
      </categories>
      <thingDefs>
				<li>ScytherBlade</li>
			</thingDefs>
		</fixedIngredientFilter>
		<appliedOnFixedBodyParts>
			<li>FrontLeftHoof</li>
			<li>FrontRightHoof</li>
		</appliedOnFixedBodyParts>
		<addsHediff>ScytherBlade</addsHediff>
	</RecipeDef>

</RecipeDefs>