﻿<?xml version="1.0" encoding="utf-8" ?>
<Defs>
  
  <LifeStageDef>
    <defName>BabyOviStage</defName>
    <label>baby</label>
    <bodySizeFactor>0.2</bodySizeFactor>
    <healthScaleFactor>0.2</healthScaleFactor>
    <hungerRateFactor>0.2</hungerRateFactor>
    <marketValueFactor>0.5</marketValueFactor>
    <statFactors>
      <MoveSpeed>0.2</MoveSpeed>
    </statFactors>
  </LifeStageDef>

  <LifeStageDef>
    <defName>ChildOviStage</defName>
    <label>child</label>
    <bodySizeFactor>0.5</bodySizeFactor>
    <healthScaleFactor>0.5</healthScaleFactor>
    <hungerRateFactor>0.6</hungerRateFactor>
    <marketValueFactor>0.9</marketValueFactor>
    <statFactors>
      <MoveSpeed>0.65</MoveSpeed>
    </statFactors>
  </LifeStageDef>

    <LifeStageDef>
    <defName>TeenOviStage</defName>
    <label>adult stage</label>
    <visible>false</visible>
    <reproductive>true</reproductive>
  </LifeStageDef>
  
  <LifeStageDef>
    <defName>AdultOviStage</defName>
    <label>adult stage</label>
    <visible>false</visible>
    <reproductive>true</reproductive>
  </LifeStageDef>

  <LifeStageDef>
    <defName>ElderOviStage</defName>
    <label>elder stage</label>
    <visible>false</visible>
    <reproductive>true</reproductive>
  </LifeStageDef>
  
  <LifeStageDef>
    <defName>AncestorOviStage</defName>
    <label>ancestor stage</label>
    <visible>false</visible>
    <reproductive>true</reproductive>
  </LifeStageDef>

</Defs>