﻿<?xml version="1.0" encoding="utf-8"?>
<Defs>

	
  <ScenarioDef>
    <defName>CrashlandedOvium</defName>
    <label>Civitas Buldinn Ovium</label>
    <description>The three of you awake in your cryptosleep sarcophagi to the sound of sirens and ripping metal. You barely get to the escape pods before the ship is torn apart. Some time later, you land on this unknown rimworld.</description>
    <scenario>
      <summary>Three crashlanded survivors - the classic RimWorld experience.</summary>
      <playerFaction>
        <def>PlayerFaction</def>
        <factionDef>OviumPlayerColony</factionDef>
      </playerFaction>
      <parts>

        <!-- Config pages -->
        <li Class="ScenPart_ConfigPage_ConfigureStartingPawns">
          <def>ConfigPage_ConfigureStartingPawns</def>
          <pawnCount>3</pawnCount>
        </li>

        <!-- Player starting stuff spawn method-->
        <li Class="ScenPart_PlayerPawnsArriveMethod">
          <def>PlayerPawnsArriveMethod</def>
          <method>DropPods</method>
          <visible>false</visible>
        </li>

        <!-- Player pawns modifiers -->
        <li Class="ScenPart_ForcedHediff">
          <def>ForcedHediff</def>
          <visible>false</visible>
          <context>PlayerStarter</context>
          <chance>0.5</chance>
          <hediff>CryptosleepSickness</hediff>
          <hideOffMap>true</hideOffMap>
          <severityRange>
            <min>1</min>
            <max>1</max>
          </severityRange>
        </li>
        
        <!-- Player starting things -->
        <li Class="ScenPart_StartingThing_Defined">
          <def>StartingThing_Defined</def>
          <thingDef>Silver</thingDef>
          <count>800</count>
        </li>
        <li Class="ScenPart_StartingThing_Defined">
          <def>StartingThing_Defined</def>
          <thingDef>MealSurvivalPack</thingDef>
          <count>44</count>
        </li>
        <li Class="ScenPart_StartingThing_Defined">
          <def>StartingThing_Defined</def>
          <thingDef>Medicine</thingDef>
          <count>30</count>
        </li>
        <li Class="ScenPart_StartingThing_Defined">
          <def>StartingThing_Defined</def>
          <thingDef>Component</thingDef>
          <count>30</count>
        </li>
        <li Class="ScenPart_StartingThing_Defined">
          <def>StartingThing_Defined</def>
          <thingDef>Gun_BoltActionRifle</thingDef>
        </li>
        <li Class="ScenPart_StartingThing_Defined">
          <def>StartingThing_Defined</def>
          <thingDef>Gun_Pistol</thingDef>
        </li>
        <li Class="ScenPart_StartingThing_Defined">
          <def>StartingThing_Defined</def>
          <thingDef>MeleeWeapon_Knife</thingDef>
          <stuff>Plasteel</stuff>
        </li>
        <li Class="ScenPart_StartingAnimal">
          <def>StartingAnimal</def>
          <count>1</count>
          <bondToRandomPlayerPawnChance>1.0</bondToRandomPlayerPawnChance>
        </li>

        <!-- Scatter some things near player start -->
        <li Class="ScenPart_ScatterThingsNearPlayerStart">
          <def>ScatterThingsNearPlayerStart</def>
          <thingDef>Steel</thingDef>
          <count>450</count>
        </li>
        <li Class="ScenPart_ScatterThingsNearPlayerStart">
          <def>ScatterThingsNearPlayerStart</def>
          <thingDef>WoodLog</thingDef>
          <count>300</count>
        </li>      

        <!-- Scatter some things anywhere -->
        <li Class="ScenPart_ScatterThingsAnywhere">
          <def>ScatterThingsAnywhere</def>
          <thingDef>ShipChunk</thingDef>
          <count>3</count>
        </li>
        <li Class="ScenPart_ScatterThingsAnywhere">
          <def>ScatterThingsAnywhere</def>
          <thingDef>Steel</thingDef>
          <count>720</count>
        </li>
        <li Class="ScenPart_ScatterThingsAnywhere">
          <def>ScatterThingsAnywhere</def>
          <thingDef>MealSurvivalPack</thingDef>
          <count>7</count>
        </li>
        
        <!-- Game start dialog -->
        <li Class="ScenPart_GameStartDialog">
          <def>GameStartDialog</def>
          <textKey>GameStartDialog</textKey>
          <closeSound>GameStartSting</closeSound>
        </li>
        
      </parts>
    </scenario>
  </ScenarioDef>





	<ScenarioDef>
		<defName>LostTribeOvium</defName>
		<label>Ovium Tribe</label>
		<description>Your tribe was destroyed by the great blood machines sent by the gods. Five of you managed to escape. Now, it's time to build up a new home.\n\nNote: Since you'll start poor and research slowly, this is a difficult scenario.</description>
		<scenario>
			<summary>Five lost tribespeople attempt to rebuild. Difficult.</summary>
			<playerFaction>
				<def>PlayerFaction</def>
				<factionDef>OviumPlayerColonyTribal</factionDef>
			</playerFaction>
			<parts>

				<!-- Config pages -->
				<li Class="ScenPart_ConfigPage_ConfigureStartingPawns">
					<def>ConfigPage_ConfigureStartingPawns</def>
					<pawnCount>5</pawnCount>
				</li>

				<!-- Player starting stuff spawn method-->
				<li Class="ScenPart_PlayerPawnsArriveMethod">
					<def>PlayerPawnsArriveMethod</def>
					<method>Standing</method>
				</li>

				<!-- Player pawns modifiers -->
				<li Class="ScenPart_ForcedHediff">
					<def>ForcedHediff</def>
					<visible>false</visible>
					<context>PlayerStarter</context>
					<chance>0.5</chance>
					<hediff>Malnutrition</hediff>
					<severityRange>
						<min>0.2</min>
						<max>0.4</max>
					</severityRange>
				</li>
				<li Class="ScenPart_SetNeedLevel">
					<def>SetNeedLevel</def>
					<visible>false</visible>
					<context>PlayerStarter</context>
					<chance>1.0</chance>
					<need>Food</need>
					<levelRange>
						<min>0</min>
						<max>0.1</max>
					</levelRange>
				</li>

				<!-- Player starting things -->
				<li Class="ScenPart_StartingThing_Defined">
					<def>StartingThing_Defined</def>
					<thingDef>Silver</thingDef>
					<count>200</count>
				</li>
				<li Class="ScenPart_StartingThing_Defined">
					<def>StartingThing_Defined</def>
					<thingDef>Pemmican</thingDef>
					<count>300</count>
				</li>
				<li Class="ScenPart_StartingThing_Defined">
					<def>StartingThing_Defined</def>
					<thingDef>HerbalMedicine</thingDef>
					<count>20</count>
				</li>
				<li Class="ScenPart_StartingThing_Defined">
					<def>StartingThing_Defined</def>
					<thingDef>MeleeWeapon_Club</thingDef>
					<stuff>WoodLog</stuff>
				</li>
				<li Class="ScenPart_StartingThing_Defined">
					<def>StartingThing_Defined</def>
					<thingDef>MeleeWeapon_Spear</thingDef>
					<stuff>WoodLog</stuff>
				</li>
				<li Class="ScenPart_StartingThing_Defined">
					<def>StartingThing_Defined</def>
					<thingDef>MeleeWeapon_Knife</thingDef>
					<stuff>Jade</stuff>
				</li>
				<li Class="ScenPart_StartingThing_Defined">
					<def>StartingThing_Defined</def>
					<thingDef>Bow_Short</thingDef>
					<count>2</count>
				</li>
				<li Class="ScenPart_StartingThing_Defined">
					<def>StartingThing_Defined</def>
					<thingDef>Pila</thingDef>
				</li>
				<li Class="ScenPart_StartingAnimal">
					<def>StartingAnimal</def>
					<count>3</count>
					<bondToRandomPlayerPawnChance>1.0</bondToRandomPlayerPawnChance>
				</li>

				<!-- Scatter some things near player start -->
				<li Class="ScenPart_ScatterThingsNearPlayerStart">
					<def>ScatterThingsNearPlayerStart</def>
					<thingDef>WoodLog</thingDef>
					<count>500</count>
				</li>

				<!-- Game start dialog -->
				<li Class="ScenPart_GameStartDialog">
					<def>GameStartDialog</def>
					<text>The gods were very angry. The blood machines came at night. They swept through your village, cutting and burning your people with their blades and devil-fire.\n\nOnly a few of you escaped. Now, after a harrowing journey on foot, with no close friends to turn to, you must build a new home in the wilderness, like your ancestors did.</text>
					<closeSound>GameStartSting</closeSound>
				</li>

			</parts>
		</scenario>
	</ScenarioDef>


</Defs>